category	filename	status	url	title	published	version	doc_key	size	updated_at
manuais	MOC_NFeABI_Anexo I Leiaute e RV - v2.00.pdf	OK	https://www.nfe.fazenda.gov.br/portal/exibirArquivo.aspx?conteudo=DVO6rlJdDag=	-----> Anexo I - Leiaute e Regra de Validação - NF-e ABI v.2.00 (minuta) - Publicado em 07/04/2026		2.00	anexo-i-leiaute-e-regra-de-validacao-nf-e-abi-minuta-publicado-em	1954922	2026-06-22T16:51:20.983Z
manuais	ANEXO I - Leiaute e Regra de Validação - NF-e e NFC-e.pdf	OK	https://www.nfe.fazenda.gov.br/portal/exibirArquivo.aspx?conteudo=J%20I%20v4eN00E=	------> Anexo I - Leiaute e Regra de Validação - NF-e e NFC-e			anexo-i-leiaute-e-regra-de-validacao-nf-e-e-nfc-e	4106196	2026-06-22T16:51:20.983Z
manuais	MOC_NFAg_Anexo I_Leiaute e Regras de Validação_v1.00k.pdf	OK	https://www.nfe.fazenda.gov.br/portal/exibirArquivo.aspx?conteudo=sV2BbNE9YrU=	Anexo I - Leiaute e Regra de Validação - NFAg v.1.00k - Publicado em 07/04/2026		1.00k	anexo-i-leiaute-e-regra-de-validacao-nfag-publicado-em	1644255	2026-06-22T16:51:20.983Z
manuais	MOC_NFGas_Anexo I_Leiaute e Regras de Validação_v1.00f.pdf	OK	https://www.nfe.fazenda.gov.br/portal/exibirArquivo.aspx?conteudo=/1RlbrBAxOU=	Anexo I - Leiaute e Regra de Validação - NFGas v.1.00f - Publicado em 07/04/2026		1.00f	anexo-i-leiaute-e-regra-de-validacao-nfgas-publicado-em	1668188	2026-06-22T16:51:20.983Z
manuais	MOC_NFAg_Anexo_II_DANFAG - V1.01.pdf	OK	https://www.nfe.fazenda.gov.br/portal/exibirArquivo.aspx?conteudo=GJHv4Tef4pI=	-----> Anexo II - Leiaute do Documento Auxiliar da Nota Fiscal da Água e Saneamento Eletrônica, versão 1.01 - DANFAG - Publicado em 26/01/2026			anexo-ii-leiaute-do-documento-auxiliar-da-nota-fiscal-da-agua-e-saneamento-eletronica-versao-1-01-danfag-publicado-em	3131450	2026-06-22T16:51:20.983Z
manuais	MOC_NFGas_Anexo II_DANFGas_v1.00.pdf	OK	https://www.nfe.fazenda.gov.br/portal/exibirArquivo.aspx?conteudo=Cbt6D/qMTQs=	-----> Anexo II - Manual de Especificação da DANFGas v1.00 - Publicado em 07/04/2026		1.00	anexo-ii-manual-de-especificacao-da-danfgas-publicado-em	1835553	2026-06-22T16:51:20.983Z
manuais	ANEXO II -Manual EspecificaçõesTécnicas - Danfe-Código-Barras.pdf	OK	https://www.nfe.fazenda.gov.br/portal/exibirArquivo.aspx?conteudo=f%20NhsSn3/5M=	------> Anexo II - Manual Especificações Técnicas - Danfe-Código-Barras			anexo-ii-manual-especificacoes-tecnicas-danfe-codigo-barras	1345906	2026-06-22T16:51:20.983Z
manuais	Anexo III - Manual de Contingência - NF-e.pdf	OK	https://www.nfe.fazenda.gov.br/portal/exibirArquivo.aspx?conteudo=cMjGAyYrb/s=	------> Anexo III - Manual de Contingência - NF-e			anexo-iii-manual-de-contingencia-nf-e	1369540	2026-06-22T16:51:20.983Z
manuais	Anexo IV - Manual de Contingência - NFC-e.pdf	OK	https://www.nfe.fazenda.gov.br/portal/exibirArquivo.aspx?conteudo=fMhAfsQfE%20M=	------> Anexo IV - Manual de Contingência - NFC-e			anexo-iv-manual-de-contingencia-nfc-e	811631	2026-06-22T16:51:20.983Z
manuais	Manual de Boas Práticas NFC-e - BP 2018.001 - versão 1 0.pdf	OK	https://www.nfe.fazenda.gov.br/portal/exibirArquivo.aspx?conteudo=R7Y/bEE/RM8=	Manual de Boas Práticas no desenvolvimento de emissor de NFC-e - BP 2018.001 - versão 1.0			manual-de-boas-praticas-no-desenvolvimento-de-emissor-de-nfc-e-bp-2018-001-versao-1	497088	2026-06-22T16:51:20.983Z
manuais	ManualContingencia.pdf	OK	https://www.nfe.fazenda.gov.br/portal/exibirArquivo.aspx?conteudo=TanMatXmIAY=	Manual de Contingência da NF-e - Versão 1.01			manual-de-contingencia-da-nf-e-versao-1	3437910	2026-06-22T16:51:20.983Z
manuais	Manual_de_especificacoes_tecnicas_da_Contingencia_Off-line_versao_2.0.pdf	OK	https://www.nfe.fazenda.gov.br/portal/exibirArquivo.aspx?conteudo=tG8%20fKpcfbM=	Manual de Especificações da Contingência Offline para NFC-e - versão 2.0			manual-de-especificacoes-da-contingencia-offline-para-nfc-e-versao-2	574805	2026-06-22T16:51:20.983Z
manuais	20250324 - Manual_de_Especificações_Técnicas_do_DANFE_NFC-e_QR_Code.pdf	OK	https://www.nfe.fazenda.gov.br/portal/exibirArquivo.aspx?conteudo=k/IuuaW4YiY=	Manual de especificações técnicas do DANFE_NFC-e e Qr_Code Versão 6.0			manual-de-especificacoes-tecnicas-do-danfe-nfc-e-e-qr-code-versao-6	1887904	2026-06-22T16:51:20.983Z
manuais	Manual de Orientação ao Contribuinte - MOC - versão 7.0 - NF-e e NFC-e.pdf	OK	https://www.nfe.fazenda.gov.br/portal/exibirArquivo.aspx?conteudo=LrBx7WT9PuA=	Manual de Orientação ao Contribuinte - MOC - versão 7.0 - NF-e e NFC-e			manual-de-orientacao-ao-contribuinte-moc-versao-7-0-nf-e-e-nfc-e	4304647	2026-06-22T16:51:20.983Z
manuais	MOC NFe ABI Visão Geral - v1.00 - minuta.pdf	OK	https://www.nfe.fazenda.gov.br/portal/exibirArquivo.aspx?conteudo=CGT8ZmsZjcc=	Manual de Orientação do Contribuinte da NF-e ABI - Visão Geral - v.1.00 (minuta) - Publicado em 24/11/2025		1.00	manual-de-orientacao-do-contribuinte-da-nf-e-abi-visao-geral-minuta-publicado-em	1404023	2026-06-22T16:51:20.983Z
manuais	MOC_NFAg_VisaoGeral_v1.00k.pdf	OK	https://www.nfe.fazenda.gov.br/portal/exibirArquivo.aspx?conteudo=3MGeVK5qL4A=	Manual de Orientação do Contribuinte da NFAg - Visão Geral - v.1.00k - Publicado em 07/04/2026		1.00k	manual-de-orientacao-do-contribuinte-da-nfag-visao-geral-publicado-em	2044937	2026-06-22T16:51:20.983Z
manuais	MOC_NFGas_VisaoGeral_v1.00f.pdf	OK	https://www.nfe.fazenda.gov.br/portal/exibirArquivo.aspx?conteudo=NyzKYPVLKZU=	Manual de Orientação do Contribuinte da Nota Fiscal Eletrônica do Gás (NFGas) - Visão Geral - v.1.00f - Publicado em 07/04/2026		1.00f	manual-de-orientacao-do-contribuinte-da-nota-fiscal-eletronica-do-gas-nfgas-visao-geral-publicado-em	1886223	2026-06-22T16:51:20.983Z
manuais	manual_usuarios_SVRS.pdf	OK	https://www.nfe.fazenda.gov.br/portal/exibirArquivo.aspx?conteudo=Nwgpbl6wSNI=	Manual de Usuários da Sefaz Virtual - RS.			manual-de-usuarios-da-sefaz-virtual-rs	297205	2026-06-22T16:51:20.983Z
manuais	ManualUtilizacaoSVAN.zip	OK	https://www.nfe.fazenda.gov.br/portal/exibirArquivo.aspx?conteudo=O2Op0gbMOvE=	Manual de Utilização da Sefaz Virtual do Ambiente Nacional(ZIP)			manual-de-utilizacao-da-sefaz-virtual-do-ambiente-nacional-zip	759992	2026-06-22T16:51:20.983Z
manuais	manual_emissor_nfe.pdf	OK	https://www.nfe.fazenda.gov.br/portal/exibirArquivo.aspx?conteudo=ZE7XRC1vqJ4=	Manual do Emissor de NF-e			manual-do-emissor-de-nf-e	208466	2026-06-22T16:51:20.983Z
esquemas-xml	Eventos_RTC.zip	OK	https://www.nfe.fazenda.gov.br/portal/exibirArquivo.aspx?conteudo=5VCHL%204VGbo=	Esquema XML NF-e/NFC-e - Schema dos eventos da NT 2025.002 v.1.30 - RTC (ZIP). Publicado em 07/10/2025 - Atualizado em 30/10/2025		1.30	esquema-xml-nf-e-nfc-e-schema-dos-eventos-da-nt-2025-002-rtc-zip-publicado-em-atualizado-em	25834	2026-06-22T16:51:20.983Z
esquemas-xml	ConSitNFe_v2.01.zip	OK	https://www.nfe.fazenda.gov.br/portal/exibirArquivo.aspx?conteudo=O5z/3yYsxnc=	Esquemas XML NF-e - Consulta Situação NF-e(01/10/10) (ZIP)			esquemas-xml-nf-e-consulta-situacao-nf-e-01-10-10-zip	8946	2026-06-22T16:51:20.983Z
esquemas-xml	Evento_AtorInteressado_PL_v1.02.zip	OK	https://www.nfe.fazenda.gov.br/portal/exibirArquivo.aspx?conteudo=Y1hrcyzvncE=	Esquemas XML NF-e - Evento Ator Interessado na NF-e - Transportador. Publicado em 28/01/2021.			esquemas-xml-nf-e-evento-ator-interessado-na-nf-e-transportador-publicado-em	11704	2026-06-22T16:51:20.983Z
esquemas-xml	Evento_EntregaNFe_PL_v1.01.zip	OK	https://www.nfe.fazenda.gov.br/portal/exibirArquivo.aspx?conteudo=W9sYeScSDZg=	Esquemas XML NF-e - Evento Comprovante Entrega da NF-e . Publicado em 19/05/2021 (Atualizado em 15/06/2021)			esquemas-xml-nf-e-evento-comprovante-entrega-da-nf-e-publicado-em-atualizado-em	16788	2026-06-22T16:51:20.983Z
esquemas-xml	Evento_InsucessoNFe_PL_v1.02.zip	OK	https://www.nfe.fazenda.gov.br/portal/exibirArquivo.aspx?conteudo=qvyq5vuft74=	Esquemas XML NF-e - Evento Insucesso na Entrega da NF-e. Publicado em 26/04/2024 (ZIP)			esquemas-xml-nf-e-evento-insucesso-na-entrega-da-nf-e-publicado-em-zip	17852	2026-06-22T16:51:20.983Z
esquemas-xml	Evento_Canc_PL_v1.01_NT_2018_004.zip	OK	https://www.nfe.fazenda.gov.br/portal/exibirArquivo.aspx?conteudo=0Yynu2Ck%20bM=	Esquemas XML NF-e / NFC-e - Evento Cancelamento (Atualizado em 21/12/2018) (ZIP)			esquemas-xml-nf-e-nfc-e-evento-cancelamento-atualizado-em-zip	10695	2026-06-22T16:51:20.983Z
esquemas-xml	Evento_Econf_v1.00.zip	OK	https://www.nfe.fazenda.gov.br/portal/exibirArquivo.aspx?conteudo=tL1S8quJtVE=	Esquemas XML NF-e/NFC-e - Evento de Conciliação Financeira. Publicado em 30/07/2024 (ZIP)			esquemas-xml-nf-e-nfc-e-evento-de-conciliacao-financeira-publicado-em-zip	15926	2026-06-22T16:51:20.983Z
esquemas-xml	PL_ConsultaGTIN_v1.00.zip	OK	https://www.nfe.fazenda.gov.br/portal/exibirArquivo.aspx?conteudo=xJdTH687/8s=	Esquemas XML NF-e/NFC-e - Pacote de Liberação da consulta GTIN (NT 2022.001 v.1.00). Publicado em 31/05/22		1.00	esquemas-xml-nf-e-nfc-e-pacote-de-liberacao-da-consulta-gtin-nt-2022-001-publicado-em-31-05-22	3528	2026-06-22T16:51:20.983Z
esquemas-xml	PL_NFeDistDFe_103.zip	OK	https://www.nfe.fazenda.gov.br/portal/exibirArquivo.aspx?conteudo=i8zkC4UsoIc=	Esquemas XML NF-e - Pacote de Liberação Distribuição de DF-e v.1.03. Publicado em 23/06/2022 (ZIP)		1.03	esquemas-xml-nf-e-pacote-de-liberacao-distribuicao-de-df-e-publicado-em-zip	6231	2026-06-22T16:51:20.983Z
esquemas-xml	Evento_Canc_PL_v1.01.zip	OK	https://www.nfe.fazenda.gov.br/portal/exibirArquivo.aspx?conteudo=Ig8Y9i6kgOc=	Esquemas XML NF-e - Pacote de Liberação Evento Canc v1.01 (30/05/2014) (ZIP)		1.01	esquemas-xml-nf-e-pacote-de-liberacao-evento-canc-zip	10224	2026-06-22T16:51:20.983Z
esquemas-xml	Evento_CCe_PL_v1.01.zip	OK	https://www.nfe.fazenda.gov.br/portal/exibirArquivo.aspx?conteudo=%200MSTVshMl8=	Esquemas XML NF-e - Pacote de Liberação Evento CCe v1.01 (30/05/2014) (ZIP)		1.01	esquemas-xml-nf-e-pacote-de-liberacao-evento-cce-zip	11180	2026-06-22T16:51:20.983Z
esquemas-xml	Evento_Averb_PL_v1.01.zip	OK	https://www.nfe.fazenda.gov.br/portal/exibirArquivo.aspx?conteudo=G3fIxJUvAD8=	Esquemas XML NF-e - Pacote de Liberação Evento de Averbação v1.01 (atualizado em 30/04/2025) (ZIP)		1.01	esquemas-xml-nf-e-pacote-de-liberacao-evento-de-averbacao-atualizado-em-zip	12149	2026-06-22T16:51:20.983Z
esquemas-xml	Evento_EPEC_NFCe_PL1.00.zip	OK	https://www.nfe.fazenda.gov.br/portal/exibirArquivo.aspx?conteudo=vJ6Ja1Upn2o=	Esquemas XML NF-e - Pacote de Liberação Evento EPEC NFCe v1.00 (07/05/2014) (ZIP)		1.00	esquemas-xml-nf-e-pacote-de-liberacao-evento-epec-nfce-zip	8510	2026-06-22T16:51:20.983Z
esquemas-xml	Evento_EPEC_PL_v1.01.zip	OK	https://www.nfe.fazenda.gov.br/portal/exibirArquivo.aspx?conteudo=OPt9hJUGOv0=	Esquemas XML NF-e - Pacote de Liberação Evento EPEC v1.01 (30/05/2014) (ZIP)		1.01	esquemas-xml-nf-e-pacote-de-liberacao-evento-epec-zip	13991	2026-06-22T16:51:20.983Z
esquemas-xml	Evento_Generico_PL_v1.01.zip	OK	https://www.nfe.fazenda.gov.br/portal/exibirArquivo.aspx?conteudo=zHyCKC788y8=	Esquemas XML NF-e - Pacote de Liberação Evento Generico v1.01 (Atualizado em 30/05/2014) (ZIP)		1.01	esquemas-xml-nf-e-pacote-de-liberacao-evento-generico-atualizado-em-zip	8768	2026-06-22T16:51:20.983Z
esquemas-xml	Evento_ManifestaDest_PL_v1.01.zip	OK	https://www.nfe.fazenda.gov.br/portal/exibirArquivo.aspx?conteudo=Q7x6aqhBAy4=	Esquemas XML NF-e - Pacote de Liberação Evento Manifesta Destinatário v1.01 (30/05/2014) (ZIP)		1.01	esquemas-xml-nf-e-pacote-de-liberacao-evento-manifesta-destinatario-zip	12421	2026-06-22T16:51:20.983Z
esquemas-xml	Evento_Prorrog_Indust_1.0.zip	OK	https://www.nfe.fazenda.gov.br/portal/exibirArquivo.aspx?conteudo=KSNIzTeJ4mY=	Esquemas XML NF-e - Pacote de Liberação Evento Prorrog. Indust. 1.0 (27/11/2015) (ZIP)			esquemas-xml-nf-e-pacote-de-liberacao-evento-prorrog-indust-1-0-zip	18681	2026-06-22T16:51:20.983Z
esquemas-xml	Evento_SuframaInternaliza_PL_v1.01.zip	OK	https://www.nfe.fazenda.gov.br/portal/exibirArquivo.aspx?conteudo=D8VcRXDh9xk=	Esquemas XML NF-e - Pacote de Liberação Evento Suframa Internaliza v1.01 (26/01/2015) (ZIP)		1.01	esquemas-xml-nf-e-pacote-de-liberacao-evento-suframa-internaliza-zip	11306	2026-06-22T16:51:20.983Z
esquemas-xml	Evento_SuframaVistoria_PL_v1.01.zip	OK	https://www.nfe.fazenda.gov.br/portal/exibirArquivo.aspx?conteudo=QuYuRVqPWuQ=	Esquemas XML NF-e - Pacote de Liberação Evento Suframa Vistoria v1.01 (25/11/2015) (ZIP)		1.01	esquemas-xml-nf-e-pacote-de-liberacao-evento-suframa-vistoria-zip	11292	2026-06-22T16:51:20.983Z
esquemas-xml	Evento_CancSubst_v1.01_NT_2018_004.zip	OK	https://www.nfe.fazenda.gov.br/portal/exibirArquivo.aspx?conteudo=6UBZKIOo6qU=	Esquemas XML NFC-e - Evento Cancelamento por Substituição (Atualizado em 21/12/2018) (ZIP)			esquemas-xml-nfc-e-evento-cancelamento-por-substituicao-atualizado-em-zip	11212	2026-06-22T16:51:20.983Z
esquemas-xml	PL_010c_NT2022_002v1.30.zip	ARCHIVED	https://www.nfe.fazenda.gov.br/portal/exibirArquivo.aspx?conteudo=%20ZqiLFb5FGE=	PL_010c_NT2022_002v1.30			pl-010c-nt2022-002v1	39988	2026-06-20T20:40:14.230Z
esquemas-xml	CNPJ Alfanumérico - NT2026.004.v.1.01 PL Eventos e Cad Consulta Cadastro CCC.zip	OK	https://www.nfe.fazenda.gov.br/portal/exibirArquivo.aspx?conteudo=FOEnx2KAsCk=	Schemas XML NF-e 010d - CNPJ Alfanumérico - NT 2026.004.v.1.01, Eventos e ws de Consulta CCC. (Publicado em 08/06/2026)		1.01	schemas-xml-nf-e-010d-cnpj-alfanumerico-nt-2026-004-eventos-e-ws-de-consulta-ccc-publicado-em	65203	2026-06-22T16:51:20.983Z
esquemas-xml	PL_NFAg_1.00j.zip	OK	https://www.nfe.fazenda.gov.br/portal/exibirArquivo.aspx?conteudo=LSpnh5/ONI8=	Schemas XML NFAg - Pacote de Liberação 1.00j (ZIP) - (Publicado em 07/04/2026)			schemas-xml-nfag-pacote-de-liberacao-1-00j-zip-publicado-em	33599	2026-06-22T16:51:20.983Z
esquemas-xml	PL_NFGas_1.00e.zip	OK	https://www.nfe.fazenda.gov.br/portal/exibirArquivo.aspx?conteudo=bxhlRXyeAIg=	Schemas XML NFGas - Pacote de Liberação 1.00e (ZIP) - (Publicado em 07/04/2026)			schemas-xml-nfgas-pacote-de-liberacao-1-00e-zip-publicado-em	36504	2026-06-22T16:51:20.983Z
notas-tecnicas	Nota Técnica 2007.001 - Publicada em 15-09-2011.pdf	OK	https://www.nfe.fazenda.gov.br/portal/exibirArquivo.aspx?conteudo=vwOEM2bec/4=	Nota Técnica 2007.001 - Publicada em 15/09/2011	15-09-2011		nota-tecnica:2007.001	127134	2026-06-22T16:51:20.983Z
notas-tecnicas	Nota Técnica 2007.002 - Publicada em 30-11-2010.pdf	OK	https://www.nfe.fazenda.gov.br/portal/exibirArquivo.aspx?conteudo=maWWkq0BtFk=	Nota Técnica 2007.002 - Publicada em 30/11/2010	30-11-2010		nota-tecnica:2007.002	145201	2026-06-22T16:51:20.983Z
notas-tecnicas	Nota Técnica 2007.003 - Publicada em 30-11-2010.pdf	OK	https://www.nfe.fazenda.gov.br/portal/exibirArquivo.aspx?conteudo=HtdVTPjb0Aw=	Nota Técnica 2007.003 - Publicada em 30/11/2010	30-11-2010		nota-tecnica:2007.003	156016	2026-06-22T16:51:20.983Z
notas-tecnicas	Nota Técnica 2007.004 - Publicada em 15-09-2011.pdf	OK	https://www.nfe.fazenda.gov.br/portal/exibirArquivo.aspx?conteudo=c5x%20CA0wBEU=	Nota Técnica 2007.004 - Publicada em 15/09/2011	15-09-2011		nota-tecnica:2007.004	96341	2026-06-22T16:51:20.983Z
notas-tecnicas	Nota Técnica 2007.005 - Publicada em 30-11-2010.pdf	OK	https://www.nfe.fazenda.gov.br/portal/exibirArquivo.aspx?conteudo=rMaI56pPlHY=	Nota Técnica 2007.005 - Publicada em 30/11/2010	30-11-2010		nota-tecnica:2007.005	407013	2026-06-22T16:51:20.983Z
notas-tecnicas	Nota Técnica 2007.006 - Publicada em 30-11-2010.pdf	OK	https://www.nfe.fazenda.gov.br/portal/exibirArquivo.aspx?conteudo=z4creCJiKjg=	Nota Técnica 2007.006 - Publicada em 30/11/2010	30-11-2010		nota-tecnica:2007.006	137748	2026-06-22T16:51:20.983Z
notas-tecnicas	Nota Técnica 2007.007 - Publicada em 30-11-2010.pdf	OK	https://www.nfe.fazenda.gov.br/portal/exibirArquivo.aspx?conteudo=DvB9NkiGTi4=	Nota Técnica 2007.007 - Publicada em 30/11/2010	30-11-2010		nota-tecnica:2007.007	108816	2026-06-22T16:51:20.983Z
notas-tecnicas	Nota Técnica 2007.008 - Publicada em 30-11-2010.pdf	OK	https://www.nfe.fazenda.gov.br/portal/exibirArquivo.aspx?conteudo=dKjOIvm8x00=	Nota Técnica 2007.008 - Publicada em 30/11/2010	30-11-2010		nota-tecnica:2007.008	362901	2026-06-22T16:51:20.983Z
notas-tecnicas	Nota Técnica 2007.009 - Publicada em 30-11-2010.pdf	OK	https://www.nfe.fazenda.gov.br/portal/exibirArquivo.aspx?conteudo=EbAMQW4kYWs=	Nota Técnica 2007.009 - Publicada em 30/11/2010	30-11-2010		nota-tecnica:2007.009	137204	2026-06-22T16:51:20.983Z
notas-tecnicas	Nota Técnica 2008.001 - Publicada em 30-11-2010.pdf	OK	https://www.nfe.fazenda.gov.br/portal/exibirArquivo.aspx?conteudo=yUBNkkTeLmQ=	Nota Técnica 2008.001 - Publicada em 30/11/2010	30-11-2010		nota-tecnica:2008.001	110654	2026-06-22T16:51:20.983Z
notas-tecnicas	Nota Técnica 2008.002 - Publicada em 15-09-2011.pdf	OK	https://www.nfe.fazenda.gov.br/portal/exibirArquivo.aspx?conteudo=Vh5SE5WQq74=	Nota Técnica 2008.002 - Publicada em 15/09/2011	15-09-2011		nota-tecnica:2008.002	136651	2026-06-22T16:51:20.983Z
notas-tecnicas	Nota Técnica 2008.003 - Publicada em 30-11-2010.pdf	OK	https://www.nfe.fazenda.gov.br/portal/exibirArquivo.aspx?conteudo=fxIT/ASpGZU=	Nota Técnica 2008.003 - Publicada em 30/11/2010	30-11-2010		nota-tecnica:2008.003	125775	2026-06-22T16:51:20.983Z
notas-tecnicas	Nota Técnica 2008.004 - Publicada em 30-11-2010.pdf	OK	https://www.nfe.fazenda.gov.br/portal/exibirArquivo.aspx?conteudo=StUR4XLmiS4=	Nota Técnica 2008.004 - Publicada em 30/11/2010	30-11-2010		nota-tecnica:2008.004	148092	2026-06-22T16:51:20.983Z
notas-tecnicas	Nota Técnica 2008.005 - Publicada em 30-11-2010.pdf	OK	https://www.nfe.fazenda.gov.br/portal/exibirArquivo.aspx?conteudo=cOoq3SOWosA=	Nota Técnica 2008.005 - Publicada em 30/11/2010	30-11-2010		nota-tecnica:2008.005	117299	2026-06-22T16:51:20.983Z
notas-tecnicas	Nota Técnica 2008.006 - Publicada em 30-11-2010.pdf	OK	https://www.nfe.fazenda.gov.br/portal/exibirArquivo.aspx?conteudo=t3f8GiTbHG8=	Nota Técnica 2008.006 - Publicada em 30/11/2010	30-11-2010		nota-tecnica:2008.006	204896	2026-06-22T16:51:20.983Z
notas-tecnicas	Nota Técnica 2009.001 - Publicada em 29-11-2010.pdf	OK	https://www.nfe.fazenda.gov.br/portal/exibirArquivo.aspx?conteudo=pdaamp008is=	Nota Técnica 2009.001 - Publicada em 29/11/2010	29-11-2010		nota-tecnica:2009.001	115132	2026-06-22T16:51:20.983Z
notas-tecnicas	Nota Técnica 2009.002 - Publicada em 29-11-2010.pdf	OK	https://www.nfe.fazenda.gov.br/portal/exibirArquivo.aspx?conteudo=s5NPBBj/v4Q=	Nota Técnica 2009.002 - Publicada em 29/11/2010	29-11-2010		nota-tecnica:2009.002	102413	2026-06-22T16:51:20.983Z
notas-tecnicas	Nota Técnica 2009.003 - Publicada em 15-09-2011.pdf	OK	https://www.nfe.fazenda.gov.br/portal/exibirArquivo.aspx?conteudo=2TtEAyyG%20lk=	Nota Técnica 2009.003 - Publicada em 15/09/2011	15-09-2011		nota-tecnica:2009.003	133309	2026-06-22T16:51:20.983Z
notas-tecnicas	Nota Técnica 2009.004 - Publicada em 30-11-2010.pdf	OK	https://www.nfe.fazenda.gov.br/portal/exibirArquivo.aspx?conteudo=W89LGdqZ6Kk=	Nota Técnica 2009.004 - Publicada em 30/11/2010	30-11-2010		nota-tecnica:2009.004	118599	2026-06-22T16:51:20.983Z
notas-tecnicas	Nota Técnica 2009.005 (substituída pela NT 2009.006) - Publicada em 30-11-2010.pdf	OK	https://www.nfe.fazenda.gov.br/portal/exibirArquivo.aspx?conteudo=DssydLvB4Ds=	Nota Técnica 2009.005 (substituída pela NT 2009.006) - Publicada em 30/11/2010	30-11-2010		nota-tecnica:2009.005	526170	2026-06-22T16:51:20.983Z
notas-tecnicas	Nota Técnica 2009.006 - Publicada em 16-05-2011.pdf	OK	https://www.nfe.fazenda.gov.br/portal/exibirArquivo.aspx?conteudo=VOYEgBgD3iU=	Nota Técnica 2009.006 - Publicada em 16/05/2011	16-05-2011		nota-tecnica:2009.006	607677	2026-06-22T16:51:20.983Z
notas-tecnicas	Nota Técnica 2010.001 - Publicada em 29-11-2010.pdf	OK	https://www.nfe.fazenda.gov.br/portal/exibirArquivo.aspx?conteudo=XLkH1X%205wbw=	Nota Técnica 2010.001 - Publicada em 29/11/2010	29-11-2010		nota-tecnica:2010.001	149750	2026-06-22T16:51:20.983Z
notas-tecnicas	Nota Técnica 2010.002 - Publicada em 29-11-2010.pdf	OK	https://www.nfe.fazenda.gov.br/portal/exibirArquivo.aspx?conteudo=/jxretPputg=	Nota Técnica 2010.002 - Publicada em 29/11/2010	29-11-2010		nota-tecnica:2010.002	100718	2026-06-22T16:51:20.983Z
notas-tecnicas	Nota Técnica 2010.003 (substituída pela NT 2010.004) - Publicada em 29-11-2010.pdf	OK	https://www.nfe.fazenda.gov.br/portal/exibirArquivo.aspx?conteudo=xRROnuMkiNs=	Nota Técnica 2010.003 (substituída pela NT 2010.004) - Publicada em 29/11/2010	29-11-2010		nota-tecnica:2010.003	252080	2026-06-22T16:51:20.983Z
notas-tecnicas	Nota Técnica 2010.004 - Publicada em 06-07-2010.pdf	OK	https://www.nfe.fazenda.gov.br/portal/exibirArquivo.aspx?conteudo=/NJarYc9nus=	Nota Técnica 2010.004 - Publicada em 06/07/2010	06-07-2010		nota-tecnica:2010.004	252034	2026-06-22T16:51:20.983Z
notas-tecnicas	Nota Técnica 2010.005 - Publicada em 06-07-2010.pdf	OK	https://www.nfe.fazenda.gov.br/portal/exibirArquivo.aspx?conteudo=BMPFMBoln3w=	Nota Técnica 2010.005 - Publicada em 06/07/2010	06-07-2010		nota-tecnica:2010.005	104710	2026-06-22T16:51:20.983Z
notas-tecnicas	Nota Técnica 2010.006 - Publicada em 16-09-2011.pdf	OK	https://www.nfe.fazenda.gov.br/portal/exibirArquivo.aspx?conteudo=yLKEXvriYcY=	Nota Técnica 2010.006 - Publicada em 16/09/2011	16-09-2011		nota-tecnica:2010.006	158062	2026-06-22T16:51:20.983Z
notas-tecnicas	Nota Técnica 2010.007 - Publicada em 29-11-2010.pdf	OK	https://www.nfe.fazenda.gov.br/portal/exibirArquivo.aspx?conteudo=Pa6GWghiG3c=	Nota Técnica 2010.007 - Publicada em 29/11/2010	29-11-2010		nota-tecnica:2010.007	130813	2026-06-22T16:51:20.983Z
notas-tecnicas	Nota Técnica 2010.008 - Publicada em 29-11-2010.pdf	OK	https://www.nfe.fazenda.gov.br/portal/exibirArquivo.aspx?conteudo=xY%20T5JoiOMc=	Nota Técnica 2010.008 - Publicada em 29/11/2010	29-11-2010		nota-tecnica:2010.008	259577	2026-06-22T16:51:20.983Z
notas-tecnicas	Nota Técnica 2010.009 - Publicada em 10-12-2010.pdf	OK	https://www.nfe.fazenda.gov.br/portal/exibirArquivo.aspx?conteudo=k850Io7vg/E=	Nota Técnica 2010.009 - Publicada em 10/12/2010	10-12-2010		nota-tecnica:2010.009	53363	2026-06-22T16:51:20.983Z
notas-tecnicas	Nota Técnica 2010.010 - Publicada em 13-05-2011.pdf	OK	https://www.nfe.fazenda.gov.br/portal/exibirArquivo.aspx?conteudo=9Y3oazEBkt0=	Nota Técnica 2010.010 - Publicada em 13/05/2011	13-05-2011		nota-tecnica:2010.010	252800	2026-06-22T16:51:20.983Z
notas-tecnicas	Nota Técnica 2011.001 - Publicada em 25-02-2011.pdf	OK	https://www.nfe.fazenda.gov.br/portal/exibirArquivo.aspx?conteudo=QheHZf7/YWs=	Nota Técnica 2011.001 - Publicada em 25/02/2011	25-02-2011		nota-tecnica:2011.001	86386	2026-06-22T16:51:20.983Z
notas-tecnicas	Nota Técnica 2011.002 - Publicada em 23-03-2011.pdf	OK	https://www.nfe.fazenda.gov.br/portal/exibirArquivo.aspx?conteudo=Ll7tbBdZPyE=	Nota Técnica 2011.002 - Publicada em 23/03/2011	23-03-2011		nota-tecnica:2011.002	129642	2026-06-22T16:51:20.983Z
notas-tecnicas	Nota Técnica 2011.003 - Publicada em 19-05-2011.pdf	OK	https://www.nfe.fazenda.gov.br/portal/exibirArquivo.aspx?conteudo=hNJXbmu%20l8Q=	Nota Técnica 2011.003 - Publicada em 19/05/2011	19-05-2011		nota-tecnica:2011.003	269651	2026-06-22T16:51:20.983Z
notas-tecnicas	Nota Técnica 2011.004 - Publicada em 26-07-2011.pdf	OK	https://www.nfe.fazenda.gov.br/portal/exibirArquivo.aspx?conteudo=Z1ivX0aahCM=	Nota Técnica 2011.004 - Publicada em 26/07/2011	26-07-2011		nota-tecnica:2011.004	293047	2026-06-22T16:51:20.983Z
notas-tecnicas	Nota Técnica 2011.005 - Publicada em 21-10-2011.pdf	OK	https://www.nfe.fazenda.gov.br/portal/exibirArquivo.aspx?conteudo=/wTuqXU5sGA=	Nota Técnica 2011.005 - Publicada em 21/10/2011	21-10-2011		nota-tecnica:2011.005	117516	2026-06-22T16:51:20.983Z
notas-tecnicas	Nota Técnica 2011.006 - Publicada em 15-04-2013.pdf	OK	https://www.nfe.fazenda.gov.br/portal/exibirArquivo.aspx?conteudo=Q3i7ueu77HY=	Nota Técnica 2011.006 - Publicada em 15/04/2013	15-04-2013		nota-tecnica:2011.006	160754	2026-06-22T16:51:20.983Z
notas-tecnicas	Nota Técnica 2011.007 - Publicada em 26-12-2011.pdf	OK	https://www.nfe.fazenda.gov.br/portal/exibirArquivo.aspx?conteudo=okkNxGLkQ94=	Nota Técnica 2011.007 - Publicada em 26/12/2011	26-12-2011		nota-tecnica:2011.007	39598	2026-06-22T16:51:20.983Z
notas-tecnicas	Nota Técnica 2012.001 - Publicada em 17-02-2012.pdf	OK	https://www.nfe.fazenda.gov.br/portal/exibirArquivo.aspx?conteudo=U2yjcqzCLHU=	Nota Técnica 2012.001 - Publicada em 17/02/2012	17-02-2012		nota-tecnica:2012.001	153454	2026-06-22T16:51:20.983Z
notas-tecnicas	Nota Técnica 2012.002 - Publicada em 24-09-2012.pdf	OK	https://www.nfe.fazenda.gov.br/portal/exibirArquivo.aspx?conteudo=nrErNm%20QeWE=	Nota Técnica 2012.002 - Publicada em 24/09/2012	24-09-2012		nota-tecnica:2012.002	382231	2026-06-22T16:51:20.983Z
notas-tecnicas	Nota Técnica 2012.003 - Publicada em 01-11-2012.pdf	OK	https://www.nfe.fazenda.gov.br/portal/exibirArquivo.aspx?conteudo=9d6ind6OMpo=	Nota Técnica 2012.003 - Publicada em 01/11/2012	01-11-2012		nota-tecnica:2012.003	138393	2026-06-22T16:51:20.983Z
notas-tecnicas	Nota Técnica 2012.004 - Publicada em 09-05-2013.pdf	OK	https://www.nfe.fazenda.gov.br/portal/exibirArquivo.aspx?conteudo=cjp9G%20N7Xew=	Nota Técnica 2012.004 - Publicada em 09/05/2013	09-05-2013		nota-tecnica:2012.004	1814522	2026-06-22T16:51:20.983Z
notas-tecnicas	Nota Técnica 2012.005 - Publicada em 08-02-2013.pdf	OK	https://www.nfe.fazenda.gov.br/portal/exibirArquivo.aspx?conteudo=VmUMIa8PJAg=	Nota Técnica 2012.005 - Publicada em 08/02/2013	08-02-2013		nota-tecnica:2012.005	156016	2026-06-22T16:51:20.983Z
notas-tecnicas	Nota Técnica 2013.001 - v.1.00 - Publicada em 12-03-2013.pdf	OK	https://www.nfe.fazenda.gov.br/portal/exibirArquivo.aspx?conteudo=74XhRcycM5s=	Nota Técnica 2013.001 - v.1.00 - Publicada em 12/03/2013	12-03-2013	1.00	nota-tecnica:2013.001	143879	2026-06-22T16:51:20.983Z
notas-tecnicas	Nota Técnica 2013.002 - v.1.00b - Publicada em 28-03-2013.pdf	OK	https://www.nfe.fazenda.gov.br/portal/exibirArquivo.aspx?conteudo=fB97I2palIA=	Nota Técnica 2013.002 - v.1.00b - Publicada em 28/03/2013	28-03-2013	1.00b	nota-tecnica:2013.002	208772	2026-06-22T16:51:20.983Z
notas-tecnicas	Nota Técnica 2013.003 - v.1.00a - Publicada em 26-04-2013.pdf	OK	https://www.nfe.fazenda.gov.br/portal/exibirArquivo.aspx?conteudo=/mjaQ31Xphs=	Nota Técnica 2013.003 - v.1.00a - Publicada em 26/04/2013	26-04-2013	1.00a	nota-tecnica:2013.003	167195	2026-06-22T16:51:20.983Z
notas-tecnicas	Nota Técnica 2013.004 - Publicada em 06-05-2013.pdf	OK	https://www.nfe.fazenda.gov.br/portal/exibirArquivo.aspx?conteudo=9G89B%20LireQ=	Nota Técnica 2013.004 - Publicada em 06/05/2013	06-05-2013		nota-tecnica:2013.004	152103	2026-06-22T16:51:20.983Z
notas-tecnicas	Nota Técnica 2013.005 - v.1.22 - Publicada em 25-03-2015.pdf	OK	https://www.nfe.fazenda.gov.br/portal/exibirArquivo.aspx?conteudo=y9Xj8twyoic=	Nota Técnica 2013.005 - v.1.22 - Publicada em 25/03/2015	25-03-2015	1.22	nota-tecnica:2013.005	6802659	2026-06-22T16:51:20.983Z
notas-tecnicas	Nota Técnica 2013.006 - Publicada em 05-08-2013.pdf	OK	https://www.nfe.fazenda.gov.br/portal/exibirArquivo.aspx?conteudo=slmjSi5sbdk=	Nota Técnica 2013.006 - Publicada em 05/08/2013	05-08-2013		nota-tecnica:2013.006	160030	2026-06-22T16:51:20.983Z
notas-tecnicas	Nota Técnica 2013.007 - v.1.03 - Publicada em 16-09-2014.pdf	OK	https://www.nfe.fazenda.gov.br/portal/exibirArquivo.aspx?conteudo=b4h3Pi%20Helo=	Nota Técnica 2013.007 - v.1.03 - Publicada em 16/09/2014	16-09-2014	1.03	nota-tecnica:2013.007	851500	2026-06-22T16:51:20.983Z
notas-tecnicas	Nota Técnica 2013.008 - Publicada em 12-12-2013.pdf	OK	https://www.nfe.fazenda.gov.br/portal/exibirArquivo.aspx?conteudo=gfp9WZDzUcI=	Nota Técnica 2013.008 - Publicada em 12/12/2013	12-12-2013		nota-tecnica:2013.008	159802	2026-06-22T16:51:20.983Z
notas-tecnicas	Nota Técnica 2014.001 - v.1.30 - Publicada em 21-06-2022.pdf	OK	https://www.nfe.fazenda.gov.br/portal/exibirArquivo.aspx?conteudo=sIUh41wCvIg=	Nota Técnica 2014.001 - v.1.30 - Publicada em 21/06/2022	21-06-2022	1.30	nota-tecnica:2014.001	928564	2026-06-22T16:51:20.983Z
notas-tecnicas	Nota Técnica 2014.002 - v.1.30 - Publicada em 09-02-2026.pdf	OK	https://www.nfe.fazenda.gov.br/portal/exibirArquivo.aspx?conteudo=P0U3lU1Fe40=	Nota Técnica 2014.002 - v.1.30 - Publicada em 09/02/2026	09-02-2026	1.30	nota-tecnica:2014.002	873319	2026-06-22T16:51:20.983Z
notas-tecnicas	Nota Técnica 2014.004 - v.1.10 - Publicada em 11-08-2014.pdf	OK	https://www.nfe.fazenda.gov.br/portal/exibirArquivo.aspx?conteudo=ycHRQDy%20lb8=	Nota Técnica 2014.004 - v.1.10 - Publicada em 11/08/2014	11-08-2014	1.10	nota-tecnica:2014.004	570063	2026-06-22T16:51:20.983Z
notas-tecnicas	Nota Técnica 2015.001 v.1.30 - Publicada em 06-12-2024.pdf	OK	https://www.nfe.fazenda.gov.br/portal/exibirArquivo.aspx?conteudo=CGAKR5siRHM=	Nota Técnica 2015.001 v.1.30 - Publicada em 06/12/2024	06-12-2024	1.30	nota-tecnica:2015.001	3126466	2026-06-22T16:51:20.983Z
notas-tecnicas	Nota Técnica 2015.002 - v.1.41 - Publicada em 26-08-2016.pdf	OK	https://www.nfe.fazenda.gov.br/portal/exibirArquivo.aspx?conteudo=iaOu3l1k9aE=	Nota Técnica 2015.002 - v.1.41 - Publicada em 26/08/2016	26-08-2016	1.41	nota-tecnica:2015.002	1090088	2026-06-22T16:51:20.983Z
notas-tecnicas	Nota Técnica 2015.003 - v.1.94 - Publicada em 23-06-2017.pdf	OK	https://www.nfe.fazenda.gov.br/portal/exibirArquivo.aspx?conteudo=2q67SVnECYk=	Nota Técnica 2015.003 - v.1.94 - Publicada em 23/06/2017	23-06-2017	1.94	nota-tecnica:2015.003	1597588	2026-06-22T16:51:20.983Z
notas-tecnicas	Nota Técnica 2016.001 - v.1.40 - Publicada em 16-07-2018.pdf	OK	https://www.nfe.fazenda.gov.br/portal/exibirArquivo.aspx?conteudo=Xvi%204M3GeHU=	Nota Técnica 2016.001 - v.1.40 - Publicada em 16/07/2018	16-07-2018	1.40	nota-tecnica:2016.001	105704	2026-06-22T16:51:20.983Z
notas-tecnicas	Nota Técnica 2016.002 - v.1.61 - Publicada em 10-09-2018.pdf	OK	https://www.nfe.fazenda.gov.br/portal/exibirArquivo.aspx?conteudo=9bznzUXCXr0=	Nota Técnica 2016.002 - v.1.61 - Publicada em 10/09/2018	10-09-2018	1.61	nota-tecnica:2016.002	1983509	2026-06-22T16:51:20.983Z
notas-tecnicas	Nota Técnica 2016.003 - v.3.62 - Publicada em 30-10-2023.pdf	OK	https://www.nfe.fazenda.gov.br/portal/exibirArquivo.aspx?conteudo=IwSVzZ/ibco=	Nota Técnica 2016.003 - v.3.62 - Publicada em 30/10/2023	30-10-2023	3.62	nota-tecnica:2016.003	461026	2026-06-22T16:51:20.983Z
notas-tecnicas	Nota Técnica 2016.003 - v.3.70 - Publicada em 09-01-2024.pdf	OK	https://www.nfe.fazenda.gov.br/portal/exibirArquivo.aspx?conteudo=3AwHG%20inHoY=	Nota Técnica 2016.003 - v.3.70 - Publicada em 09/01/2024	09-01-2024	3.70	nota-tecnica:2016.003	513397	2026-06-22T16:51:20.983Z
notas-tecnicas	Nota Técnica 2017.001 - v.1.50 - Publicada em 07-12-2018.pdf	OK	https://www.nfe.fazenda.gov.br/portal/exibirArquivo.aspx?conteudo=5xfrYjX1kSo=	Nota Técnica 2017.001 - v.1.50 - Publicada em 07/12/2018	07-12-2018	1.50	nota-tecnica:2017.001	727901	2026-06-22T16:51:20.983Z
notas-tecnicas	Nota Técnica 2017.002 - v.1.40 - Publicada em 15-01-2020.pdf	OK	https://www.nfe.fazenda.gov.br/portal/exibirArquivo.aspx?conteudo=O8deOg40iNU=	Nota Técnica 2017.002 - v.1.40 - Publicada em 15/01/2020	15-01-2020	1.40	nota-tecnica:2017.002	797536	2026-06-22T16:51:20.983Z
notas-tecnicas	Nota Técnica 2018.001 - v.1.10 - Publicada em 27-02-2020.pdf	OK	https://www.nfe.fazenda.gov.br/portal/exibirArquivo.aspx?conteudo=JlPBgTc3TQo=	Nota Técnica 2018.001 - v.1.10 - Publicada em 27/02/2020	27-02-2020	1.10	nota-tecnica:2018.001	490726	2026-06-22T16:51:20.983Z
notas-tecnicas	Nota Técnica 2018.002 - v.1.00 - Publicada em 23-04-2018.pdf	OK	https://www.nfe.fazenda.gov.br/portal/exibirArquivo.aspx?conteudo=HAYP6dvLy7I=	Nota Técnica 2018.002 - v.1.00 - Publicada em 23/04/2018	23-04-2018	1.00	nota-tecnica:2018.002	335845	2026-06-22T16:51:20.983Z
notas-tecnicas	Nota Técnica 2018.003 - v.1.01 - Publicada em 12-04-2019.pdf	OK	https://www.nfe.fazenda.gov.br/portal/exibirArquivo.aspx?conteudo=gHRm/SYAvM0=	Nota Técnica 2018.003 - v.1.01 - Publicada em 12/04/2019	12-04-2019	1.01	nota-tecnica:2018.003	216086	2026-06-22T16:51:20.983Z
notas-tecnicas	Nota Técnica 2018.004 - v.1.00 - Publicada em 21-12-2018.pdf	OK	https://www.nfe.fazenda.gov.br/portal/exibirArquivo.aspx?conteudo=DEisbx2XCIs=	Nota Técnica 2018.004 - v.1.00 - Publicada em 21/12/2018	21-12-2018	1.00	nota-tecnica:2018.004	709017	2026-06-22T16:51:20.983Z
notas-tecnicas	Nota Técnica 2018.005 v.1.52 - Publicada em 10-07-2025.pdf	OK	https://www.nfe.fazenda.gov.br/portal/exibirArquivo.aspx?conteudo=vZguLua3oPM=	Nota Técnica 2018.005 v.1.52 - Publicada em 10/07/2025	10-07-2025	1.52	nota-tecnica:2018.005	787598	2026-06-22T16:51:20.983Z
notas-tecnicas	Nota Técnica 2019.001.v.1.70 - Publicada em 18-08-2025.pdf	OK	https://www.nfe.fazenda.gov.br/portal/exibirArquivo.aspx?conteudo=suszdTDFNOk=	Nota Técnica 2019.001.v.1.70 - Publicada em 18/08/2025	18-08-2025	1.70	nota-tecnica:2019.001	744069	2026-06-22T16:51:20.983Z
notas-tecnicas	Nota Técnica 2020.001 v.1.60 - Publicada em 23-04-2026.pdf	OK	https://www.nfe.fazenda.gov.br/portal/exibirArquivo.aspx?conteudo=%20WTd7iuD21s=	Nota Técnica 2020.001 v.1.60 - Publicada em 23/04/2026	23-04-2026	1.60	nota-tecnica:2020.001	1026288	2026-06-22T16:51:20.983Z
notas-tecnicas	Nota Técnica 2020.002 - v.1.01 - Publicada em 19-08-2022.pdf	OK	https://www.nfe.fazenda.gov.br/portal/exibirArquivo.aspx?conteudo=zRz9Xc658tM=	Nota Técnica 2020.002 - v.1.01 - Publicada em 19/08/2022	19-08-2022	1.01	nota-tecnica:2020.002	526916	2026-06-22T16:51:20.983Z
notas-tecnicas	Nota Técnica 2020.003 - v.1.00 - Publicada em 25-06-2020.pdf	OK	https://www.nfe.fazenda.gov.br/portal/exibirArquivo.aspx?conteudo=VbDaS9t%20yUE=	Nota Técnica 2020.003 - v.1.00 - Publicada em 25/06/2020	25-06-2020	1.00	nota-tecnica:2020.003	439265	2026-06-22T16:51:20.983Z
notas-tecnicas	Nota Técnica 2020.004 - v.1.10 - Publicada em 19-08-2024.pdf	OK	https://www.nfe.fazenda.gov.br/portal/exibirArquivo.aspx?conteudo=6VJK0RTUooA=	Nota Técnica 2020.004 - v.1.10 - Publicada em 19/08/2024	19-08-2024	1.10	nota-tecnica:2020.004	283581	2026-06-22T16:51:20.983Z
notas-tecnicas	Nota Técnica 2020.005 - v.1.21 - Publicada em 15-10-2021.pdf	OK	https://www.nfe.fazenda.gov.br/portal/exibirArquivo.aspx?conteudo=vcqS7b0oTnU=	Nota Técnica 2020.005 - v.1.21 - Publicada em 15/10/2021	15-10-2021	1.21	nota-tecnica:2020.005	524805	2026-06-22T16:51:20.983Z
notas-tecnicas	Nota Técnica 2020.006 - v.1.31 - Publicada em 26-09-2022.pdf	OK	https://www.nfe.fazenda.gov.br/portal/exibirArquivo.aspx?conteudo=/RFndRUpZJw=	Nota Técnica 2020.006 - v.1.31 - Publicada em 26/09/2022	26-09-2022	1.31	nota-tecnica:2020.006	631533	2026-06-22T16:51:20.983Z
notas-tecnicas	Nota Técnica 2020.007 v.1.40 - Publicada em 02-08-2024.pdf	OK	https://www.nfe.fazenda.gov.br/portal/exibirArquivo.aspx?conteudo=E1nOtSqZmEI=	Nota Técnica 2020.007 v.1.40 - Publicada em 02/08/2024	02-08-2024	1.40	nota-tecnica:2020.007	503196	2026-06-22T16:51:20.983Z
notas-tecnicas	Nota Técnica 2021.001 - v.1.01 - Publicada em 06-07-2022.pdf	OK	https://www.nfe.fazenda.gov.br/portal/exibirArquivo.aspx?conteudo=JBybnXaa1QU=	Nota Técnica 2021.001 - v.1.01 - Publicada em 06/07/2022	06-07-2022	1.01	nota-tecnica:2021.001	593627	2026-06-22T16:51:20.983Z
notas-tecnicas	Nota Técnica 2021.002 v.1.12 - Publicada em 28-01-2025.pdf	OK	https://www.nfe.fazenda.gov.br/portal/exibirArquivo.aspx?conteudo=hFtSfuCjY0A=	Nota Técnica 2021.002 v.1.12 - Publicada em 28/01/2025	28-01-2025	1.12	nota-tecnica:2021.002	1413784	2026-06-22T16:51:20.983Z
notas-tecnicas	Nota Técnica 2021.003 - v.1.40 - Publicada em 26-02-2025.pdf	OK	https://www.nfe.fazenda.gov.br/portal/exibirArquivo.aspx?conteudo=tfoysypOTPE=	Nota Técnica 2021.003 - v.1.40 - Publicada em 26/02/2025	26-02-2025	1.40	nota-tecnica:2021.003	1009448	2026-06-22T16:51:20.983Z
notas-tecnicas	Nota Técnica 2021.004 - v.1.35 - Publicada em 01-11-2022.pdf	OK	https://www.nfe.fazenda.gov.br/portal/exibirArquivo.aspx?conteudo=i0rK6ogxnx8=	Nota Técnica 2021.004 - v.1.35 - Publicada em 01/11/2022	01-11-2022	1.35	nota-tecnica:2021.004	803264	2026-06-22T16:51:20.983Z
notas-tecnicas	Nota Técnica 2022.001 - v.1.00 - Publicada em 31-05-2022.pdf	OK	https://www.nfe.fazenda.gov.br/portal/exibirArquivo.aspx?conteudo=WpIPyTpmMsM=	Nota Técnica 2022.001 - v.1.00 - Publicada em 31/05/2022	31-05-2022	1.00	nota-tecnica:2022.001	706974	2026-06-22T16:51:20.983Z
notas-tecnicas	Nota Técnica 2022.002 v.1.30a - Publicada em 26-03-2026.pdf	OK	https://www.nfe.fazenda.gov.br/portal/exibirArquivo.aspx?conteudo=NpWPjigODyU=	Nota Técnica 2022.002 v.1.30a - Publicada em 26/03/2026	26-03-2026	1.30a	nota-tecnica:2022.002	800143	2026-06-22T16:51:20.983Z
notas-tecnicas	Nota Técnica 2022.003 - v.1.11 - Publicada em 25-01-2023.pdf	OK	https://www.nfe.fazenda.gov.br/portal/exibirArquivo.aspx?conteudo=/C5jc3RZhNQ=	Nota Técnica 2022.003 - v.1.11 - Publicada em 25/01/2023	25-01-2023	1.11	nota-tecnica:2022.003	637034	2026-06-22T16:51:20.983Z
notas-tecnicas	Nota Técnica 2022.004 - v1.10 - Publicada em 14-02-2023.pdf	OK	https://www.nfe.fazenda.gov.br/portal/exibirArquivo.aspx?conteudo=DRupDGLKaP4=	Nota Técnica 2022.004 - v1.10 - Publicada em 14/02/2023	14-02-2023	1.10	nota-tecnica:2022.004	387209	2026-06-22T16:51:20.983Z
notas-tecnicas	Nota Técnica 2022.005 v.1.11 - Publicada em 11-10-2024.pdf	OK	https://www.nfe.fazenda.gov.br/portal/exibirArquivo.aspx?conteudo=3jGaJGqngls=	Nota Técnica 2022.005 v.1.11 - Publicada em 11/10/2024	11-10-2024	1.11	nota-tecnica:2022.005	401041	2026-06-22T16:51:20.983Z
notas-tecnicas	Nota Técnica 2023.001 v.1.60 - Publicada em 09-06-2025.pdf	OK	https://www.nfe.fazenda.gov.br/portal/exibirArquivo.aspx?conteudo=FZn7%20YawPY4=	Nota Técnica 2023.001 v.1.60 - Publicada em 09/06/2025	09-06-2025	1.60	nota-tecnica:2023.001	1752521	2026-06-22T16:51:20.983Z
notas-tecnicas	Nota Técnica 2023.002 v.1.01 - Publicada em 18-11-2025.pdf	OK	https://www.nfe.fazenda.gov.br/portal/exibirArquivo.aspx?conteudo=T3QyeMfpios=	Nota Técnica 2023.002 v.1.01 - Publicada em 18/11/2025	18-11-2025	1.01	nota-tecnica:2023.002	456566	2026-06-22T16:51:20.983Z
notas-tecnicas	Nota Técnica 2023.003 v.1.20 - Publicada em 08-10-2024.pdf	OK	https://www.nfe.fazenda.gov.br/portal/exibirArquivo.aspx?conteudo=G/2/d90vIC4=	Nota Técnica 2023.003 v.1.20 - Publicada em 08/10/2024	08-10-2024	1.20	nota-tecnica:2023.003	545473	2026-06-22T16:51:20.983Z
notas-tecnicas	Nota Técnica 2023.004 v.1.20 - Publicada em 07-10-2024.pdf	OK	https://www.nfe.fazenda.gov.br/portal/exibirArquivo.aspx?conteudo=hoSIJ5lGBNc=	Nota Técnica 2023.004 v.1.20 - Publicada em 07/10/2024	07-10-2024	1.20	nota-tecnica:2023.004	714686	2026-06-22T16:51:20.983Z
notas-tecnicas	Nota Técnica 2023.005 - v.1.02 - Publicada em 26-04-2024.pdf	OK	https://www.nfe.fazenda.gov.br/portal/exibirArquivo.aspx?conteudo=pHDvlSJIO00=	Nota Técnica 2023.005 - v.1.02 - Publicada em 26/04/2024	26-04-2024	1.02	nota-tecnica:2023.005	446464	2026-06-22T16:51:20.983Z
notas-tecnicas	Nota Técnica 2024.001 v.1.20 - Publicada em 29-08-2024.pdf	OK	https://www.nfe.fazenda.gov.br/portal/exibirArquivo.aspx?conteudo=kIiniiSkpKc=	Nota Técnica 2024.001 v.1.20 - Publicada em 29/08/2024	29-08-2024	1.20	nota-tecnica:2024.001	1186076	2026-06-22T16:51:20.983Z
notas-tecnicas	Nota Técnica 2024.002 - v.1.00 - Publicada em 27-05-2024.pdf	OK	https://www.nfe.fazenda.gov.br/portal/exibirArquivo.aspx?conteudo=sNOtscnJo6w=	Nota Técnica 2024.002 - v.1.00 - Publicada em 27/05/2024	27-05-2024	1.00	nota-tecnica:2024.002	686392	2026-06-22T16:51:20.983Z
notas-tecnicas	Nota Técnica 2024.003 v.1.10 - Publicada em 11-05-2026.pdf	OK	https://www.nfe.fazenda.gov.br/portal/exibirArquivo.aspx?conteudo=iamjHzm%204/I=	Nota Técnica 2024.003 v.1.10 - Publicada em 11/05/2026	11-05-2026	1.10	nota-tecnica:2024.003	481561	2026-06-22T16:51:20.983Z
notas-tecnicas	Nota Técnica 2025.001. v.1.03 - Corrigido - Publicada em 29-09-2025.pdf	OK	https://www.nfe.fazenda.gov.br/portal/exibirArquivo.aspx?conteudo=NvuzQGYd6E8=	Nota Técnica 2025.001. v.1.03 - Corrigido - Publicada em 29/09/2025	29-09-2025	1.03	nota-tecnica:2025.001	1028544	2026-06-22T16:51:20.983Z
notas-tecnicas	Nota Técnica 2025.002 v.1.36 - Publicada em 30-04-2026.pdf	OK	https://www.nfe.fazenda.gov.br/portal/exibirArquivo.aspx?conteudo=bBbBVKSai3U=	Nota Técnica 2025.002 v.1.36 - Publicada em 30/04/2026	30-04-2026	1.36	nota-tecnica:2025.002	1751478	2026-06-22T16:51:20.983Z
notas-tecnicas	Nota Técnica 2025.002 v.1.40 - Publicada em 20-05-2026.pdf	OK	https://www.nfe.fazenda.gov.br/portal/exibirArquivo.aspx?conteudo=lWEyoabukyw=	Nota Técnica 2025.002 v.1.40 - Publicada em 20/05/2026	20-05-2026	1.40	nota-tecnica:2025.002	1992512	2026-06-22T16:51:20.983Z
notas-tecnicas	Nota Técnica 2025.002 v.1.50 - Publicada em 03-06-2026.pdf	OK	https://www.nfe.fazenda.gov.br/portal/exibirArquivo.aspx?conteudo=pD4YrecPV6s=	Nota Técnica 2025.002 v.1.50 - Publicada em 03/06/2026	03-06-2026	1.50	nota-tecnica:2025.002	2311870	2026-06-22T16:51:20.983Z
notas-tecnicas	Nota Técnica 2026.001 v.1.00 - Publicada em 22-04-2026.pdf	OK	https://www.nfe.fazenda.gov.br/portal/exibirArquivo.aspx?conteudo=52e8psumXNc=	Nota Técnica 2026.001 v.1.00 - Publicada em 22/04/2026	22-04-2026	1.00	nota-tecnica:2026.001	4826751	2026-06-22T16:51:20.983Z
notas-tecnicas	Nota Técnica 2026.002 v.1.00 - Publicada em 25-05-2026.pdf	OK	https://www.nfe.fazenda.gov.br/portal/exibirArquivo.aspx?conteudo=3v7VFvaogiA=	Nota Técnica 2026.002 v.1.00 - Publicada em 25/05/2026	25-05-2026	1.00	nota-tecnica:2026.002	736883	2026-06-22T16:51:20.983Z
notas-tecnicas	Nota Técnica 2026.003 v.1.00 - Publicada em 25-05-2026.pdf	OK	https://www.nfe.fazenda.gov.br/portal/exibirArquivo.aspx?conteudo=2YdaBTIql%20k=	Nota Técnica 2026.003 v.1.00 - Publicada em 25/05/2026	25-05-2026	1.00	nota-tecnica:2026.003	1666337	2026-06-22T16:51:20.983Z
notas-tecnicas	Nota Técnica 2026.004 v.1.01 - Publicada em 08-06-2026.pdf	OK	https://www.nfe.fazenda.gov.br/portal/exibirArquivo.aspx?conteudo=BTZQzgsO9Ws=	Nota Técnica 2026.004 v.1.01 - Publicada em 08/06/2026	08-06-2026	1.01	nota-tecnica:2026.004	516956	2026-06-22T16:51:20.983Z
notas-tecnicas	Nota Técnica Conjunta 2025.001 - Publicada em 08-05-2025.pdf	OK	https://www.nfe.fazenda.gov.br/portal/exibirArquivo.aspx?conteudo=5ZkvIZt10mQ=	Nota Técnica Conjunta 2025.001 - Publicada em 08/05/2025	08-05-2025		nota-tecnica:conjunta:2025.001	962216	2026-06-22T16:51:20.983Z
notas-tecnicas	Nota Técnica NFC-e 2014.001 - Publicada em 20-08-2014.pdf	OK	https://www.nfe.fazenda.gov.br/portal/exibirArquivo.aspx?conteudo=wI3fsjkCDWg=	Nota Técnica NFC-e 2014.001 - Publicada em 20/08/2014	20-08-2014		nota-tecnica:nfce:2014.001	400482	2026-06-22T16:51:20.983Z
notas-tecnicas	Nota Técnica NFC-e 2014.003 - v.1.02 - Publicada em 12-01-2015.pdf	OK	https://www.nfe.fazenda.gov.br/portal/exibirArquivo.aspx?conteudo=HYPw%20DBncKo=	Nota Técnica NFC-e 2014.003 - v.1.02 - Publicada em 12/01/2015	12-01-2015	1.02	nota-tecnica:nfce:2014.003	242209	2026-06-22T16:51:20.983Z
informes-tecnicos	IT 2023.001_v1.10 - Tabela cProdANP.pdf	OK	https://www.nfe.fazenda.gov.br/portal/exibirArquivo.aspx?conteudo=e2WH33Ck/48=	Informe Técnico 2023.001 v.1.10 - Publicado em 18/11/2024		1.10	informe-tecnico-2023-001-publicado-em	353879	2026-06-22T16:51:20.983Z
informes-tecnicos	IT2023.002v1.00 - Tabela CFOP - 11-04-2023.pdf	OK	https://www.nfe.fazenda.gov.br/portal/exibirArquivo.aspx?conteudo=c0/Cs9Cj84Q=	Informe Técnico 2023.002 - v.1.00 - Vigente a partir de 24/04/2023 - Publicado em 11/04/2023		1.00	informe-tecnico-2023-002-vigente-a-partir-de-publicado-em	333000	2026-06-22T16:51:20.983Z
informes-tecnicos	IT_2023.003_v1.08 - Tabela de Combustíveis Sujeitos à Tributação Monofásica.pdf	OK	https://www.nfe.fazenda.gov.br/portal/exibirArquivo.aspx?conteudo=QurUUUf8Q1A=	Informe Técnico 2023.003.1.08 - Publicado em 05/12/2025			informe-tecnico-2023-003-1-08-publicado-em	353819	2026-06-22T16:51:20.983Z
informes-tecnicos	IT2023.004v1.03 - Atualiza FCP.pdf	OK	https://www.nfe.fazenda.gov.br/portal/exibirArquivo.aspx?conteudo=l0TyVGUbrqs=	Informe Técnico 2023.004 - v.1.03 - Publicado em 25/02/2025		1.03	informe-tecnico-2023-004-publicado-em	327930	2026-06-22T16:51:20.983Z
informes-tecnicos	IT2024.001v2.30 - Atualiza tabela de NCM.pdf	OK	https://www.nfe.fazenda.gov.br/portal/exibirArquivo.aspx?conteudo=T5gf%20Nmt8DM=	Informe Técnico 2024.001 - v.2.30 - Publicado em 24/11/2025		2.30	informe-tecnico-2024-001-publicado-em	363921	2026-06-22T16:51:20.983Z
informes-tecnicos	IT2024.002v1.11 - Atualiza Tabela Meios de Pagamento - 04032026.pdf	OK	https://www.nfe.fazenda.gov.br/portal/exibirArquivo.aspx?conteudo=6KiYymMwdyQ=	Informe Técnico 2024.002 v.1.11 - Publicado em 06/03/2026		1.11	informe-tecnico-2024-002-publicado-em	388419	2026-06-22T16:51:20.983Z
informes-tecnicos	IT2025.001v1.00 - Atualiza Tabela Municipios.pdf	OK	https://www.nfe.fazenda.gov.br/portal/exibirArquivo.aspx?conteudo=HfcGH9K3i3E=	Informe Técnico 2025.001 - v.1.00 - Publicado em 18/02/2025		1.00	informe-tecnico-2025-001-publicado-em	318371	2026-06-22T16:51:20.983Z
informes-tecnicos	IT 2025.002 v.1.50 - Tabelas de Classificação do IBS e da CBS - RFB (2026_04_15).pdf	OK	https://www.nfe.fazenda.gov.br/portal/exibirArquivo.aspx?conteudo=JDJJBVuJyoA=	Informe Técnico 2025.002 v.1.50 - Publicado em 15/04/2026		1.50	informe-tecnico-2025-002-publicado-em	4500988	2026-06-22T16:51:20.983Z
informes-tecnicos	IT_2025.003- Alteração Endereço QRCode NFC-e - GO.pdf	OK	https://www.nfe.fazenda.gov.br/portal/exibirArquivo.aspx?conteudo=VPJWnW2ypos=	Informe Técnico 2025.003 - v.1.00 - Publicado em 11/06/2025		1.00	informe-tecnico-2025-003-publicado-em	410785	2026-06-22T16:51:20.983Z
informes-tecnicos	IT 2025.004 v.1.10 - Tabela de Indíce de Mistura de BioCombsutível.pdf	OK	https://www.nfe.fazenda.gov.br/portal/exibirArquivo.aspx?conteudo=q3/Dcwlx2PI=	Informe Técnico 2025.004 v.1.10 - Publicado em 24/04/2026		1.10	informe-tecnico-2025-004-publicado-em	357208	2026-06-22T16:51:20.983Z
informes-tecnicos	IT 2026.001 v.1.00 - Tabelas de Meios de Pagamento para Vinculação com o Split.pdf	OK	https://www.nfe.fazenda.gov.br/portal/exibirArquivo.aspx?conteudo=%2097zJVvurKU=	Informe Técnico 2026.001 v.1.00 - Publicado em 12/05/2026		1.00	informe-tecnico-2026-001-publicado-em	562497	2026-06-22T16:51:20.983Z
informes-tecnicos	IT 2026.002 v.1.00 - Tabela de Aliquotas da CBS.pdf	OK	https://www.nfe.fazenda.gov.br/portal/exibirArquivo.aspx?conteudo=p3diw3stE7w=	Informe Técnico 2026.002 v.1.00 - Publicado em 12/05/2026		1.00	informe-tecnico-2026-002-publicado-em	511901	2026-06-22T16:51:20.983Z
diversos	cadeia_www.nfe.fazenda.gov.br.p7b	OK	https://www.nfe.fazenda.gov.br/portal/exibirArquivo.aspx?conteudo=5Fv8auON8uo=	Cadeia de Certificados do www (atualizada em 14/01/2021)			cadeia-de-certificados-do-www-atualizada-em	2022	2026-06-22T16:51:20.983Z
diversos	cadeia_www1.nfe.fazenda.gov.br.p7b	OK	https://www.nfe.fazenda.gov.br/portal/exibirArquivo.aspx?conteudo=JuhROOiTOPA=	Cadeia de Certificados do www1 (atualizada em 04/08/2021)			cadeia-de-certificados-do-www1-atualizada-em	3557	2026-06-22T16:51:20.983Z
diversos	IT 2026.002 v.1.00 - Aliquotas da CBS.xlsx	OK	https://www.nfe.fazenda.gov.br/portal/exibirArquivo.aspx?conteudo=LRksVAMl7nQ=	Tabela de Alíquotas da CBS - Publicada em 12/05/2026	12-05-2026		tabela-de-aliquotas-da-cbs	10109	2026-06-22T16:51:20.983Z
diversos	Tabela_Alíquotas_FCP_por_UF_2025-02_07.xlsx	OK	https://www.nfe.fazenda.gov.br/portal/exibirArquivo.aspx?conteudo=owT0exphn/8=	Tabela de Alíquotas de FCP por UF (atualizada em 25/02/2025)			tabela-de-aliquotas-de-fcp-por-uf-atualizada-em	13096	2026-06-22T16:51:20.983Z
diversos	Tabela de bandeiras de cartão de crédito-débito.xlsx	OK	https://www.nfe.fazenda.gov.br/portal/exibirArquivo.aspx?conteudo=HoyGo5PttVk=	Tabela de bandeiras de Cartões de Crédito/Débito - Publicada em 16/03/2021	16-03-2021		tabela-de-bandeiras-de-cartoes-de-credito-debito	11543	2026-06-22T16:51:20.983Z
diversos	IT 2023.002-v1.00_Tabela_CFOP_Vigência_20230424.xlsx	OK	https://www.nfe.fazenda.gov.br/portal/exibirArquivo.aspx?conteudo=UGAhInpwpPw=	Tabela de CFOP - Vigência 24-04-2023 (Publicada em 11/04/2023)	11-04-2023		tabela-de-cfop-vigencia	423812	2026-06-22T16:51:20.983Z
diversos	Tabela-cClass.xlsx	OK	https://www.nfe.fazenda.gov.br/portal/exibirArquivo.aspx?conteudo=LR4gPlFP4BA=	Tabela de código de classificação da NFAg - Publicada em 15/12/2025	15-12-2025		tabela-de-codigo-de-classificacao-da-nfag	7449	2026-06-22T16:51:20.983Z
diversos	cClassTrib 2026_04_15.xlsx	OK	https://www.nfe.fazenda.gov.br/portal/exibirArquivo.aspx?conteudo=FpvdeKRwtmQ=	Tabela de Código de Classificação Tributária do IBS/CBS - Publicada em 15/04/2026	15-04-2026		tabela-de-codigo-de-classificacao-tributaria-do-ibs-cbs	117399	2026-06-22T16:51:20.983Z
diversos	cCredPres_2025-12-12Public.xlsx	OK	https://www.nfe.fazenda.gov.br/portal/exibirArquivo.aspx?conteudo=rn3xdMdN/zI=	Tabela de Código de Crédito Presumido do IBS e CBS - Publicada em 15/12/2025	15-12-2025		tabela-de-codigo-de-credito-presumido-do-ibs-e-cbs	27778	2026-06-22T16:51:20.983Z
diversos	tbIndiceMisturaBioCombustivel_20260424.xlsx	OK	https://www.nfe.fazenda.gov.br/portal/exibirArquivo.aspx?conteudo=UP%20wL1W1cGA=	Tabela de Código de Índice de Biocombustível do IBS e CBS - Publicada em 24/04/2026	24-04-2026		tabela-de-codigo-de-indice-de-biocombustivel-do-ibs-e-cbs	23232	2026-06-22T16:51:20.983Z
diversos	Tabela_Codigo_Produto_ANP-20241118.xlsx	OK	https://www.nfe.fazenda.gov.br/portal/exibirArquivo.aspx?conteudo=TcTEtAr9H70=	Tabela de Código de Produtos da ANP - Vigente a partir de 29/11/2024 - Publicada em 18/11/2024	18-11-2024		tabela-de-codigo-de-produtos-da-anp-vigente-a-partir-de	24241	2026-06-22T16:51:20.983Z
diversos	Tabela de Códigos NFe ABI - v2.00 - Minuta.xlsx	OK	https://www.nfe.fazenda.gov.br/portal/exibirArquivo.aspx?conteudo=E5OaFq7%20IWQ=	Tabela de Códigos da NF-e ABI v.2.00 (minuta) - Publicada em 07/04/2026	07-04-2026	2.00	tabela-de-codigos-da-nf-e-abi-minuta	32196	2026-06-22T16:51:20.983Z
diversos	Tabela de Combustíveis Sujeitos à Tributação Monofásica-20251202 (vigência a partir de 01-01-2026).xlsx	OK	https://www.nfe.fazenda.gov.br/portal/exibirArquivo.aspx?conteudo=OymzZVoKrbk=	Tabela de códigos de combustíveis sujeitos à tributação monofásica de ICMS - Publicada em 05/12/2025	05-12-2025		tabela-de-codigos-de-combustiveis-sujeitos-a-tributacao-monofasica-de-icms	25205	2026-06-22T16:51:20.983Z
diversos	Tabela de Códigos de Item da Lista de Serviços.xlsx	OK	https://www.nfe.fazenda.gov.br/portal/exibirArquivo.aspx?conteudo=ZCj/PlYFSRQ=	Tabela de Códigos de item da Lista de Serviços			tabela-de-codigos-de-item-da-lista-de-servicos	24122	2026-06-22T16:51:20.983Z
diversos	Tabela_de_meios_de_pagamento - 04032026.xlsx	OK	https://www.nfe.fazenda.gov.br/portal/exibirArquivo.aspx?conteudo=uekMIW1ydFM=	Tabela de Meios de pagamento - Publicada em 06/03/2026	06-03-2026		tabela-de-meios-de-pagamento	20825	2026-06-22T16:51:20.983Z
diversos	250210_Tab_Municipios.xlsx	OK	https://www.nfe.fazenda.gov.br/portal/exibirArquivo.aspx?conteudo=eGl9ISPltUE=	Tabela de Municípios - Publicada em 18/02/2025	18-02-2025		tabela-de-municipios	203604	2026-06-22T16:51:20.983Z
diversos	Tabela NCM 2022 com Utrib_Comércio Exterior_vigência 01.02.26.xlsx	OK	https://www.nfe.fazenda.gov.br/portal/exibirArquivo.aspx?conteudo=b951nG/pOmY=	Tabela de NCM e respectiva uTrib (Comércio Exterior) - Vigente a partir de 01/02/2026 - Publicada em 24/11/2025	24-11-2025		tabela-de-ncm-e-respectiva-utrib-comercio-exterior-vigente-a-partir-de	310934	2026-06-22T16:51:20.983Z
diversos	Tabela de Padrões de Regime Especial.xlsx	OK	https://www.nfe.fazenda.gov.br/portal/exibirArquivo.aspx?conteudo=pWlelXcrDyM=	Tabela de Padrões de Regimes Especiais			tabela-de-padroes-de-regimes-especiais	9860	2026-06-22T16:51:20.983Z
diversos	Tabela de Países - Ref. NT 2018.003. v1.01.ods	OK	https://www.nfe.fazenda.gov.br/portal/exibirArquivo.aspx?conteudo=PfPDd6dW200=	Tabela de Países - Relacionada à NT 2018.003. v1.01 (atualizada em 12/04/2019)		1.01	tabela-de-paises-relacionada-a-nt-2018-003-atualizada-em	34190	2026-06-22T16:51:20.983Z
diversos	Tabela de Tipo e Especie de Veículo.xlsx	OK	https://www.nfe.fazenda.gov.br/portal/exibirArquivo.aspx?conteudo=nt7Q2CXVChI=	Tabela de Tipo e Espécie de Veículo			tabela-de-tipo-e-especie-de-veiculo	11448	2026-06-22T16:51:20.983Z
diversos	Tabela_Prefixo_GS1.xlsx	OK	https://www.nfe.fazenda.gov.br/portal/exibirArquivo.aspx?conteudo=Oc%20fygAxwmc=	Tabela Prefixo GS1			tabela-prefixo-gs1	22170	2026-06-22T16:51:20.983Z
diversos	Tabela_Unidades_de_Medida_Comercial_05072016.xls	OK	https://www.nfe.fazenda.gov.br/portal/exibirArquivo.aspx?conteudo=Q6Iyvm6qKsc=	Tabela Unidades de Medida Comercial 05.07.2016			tabela-unidades-de-medida-comercial-05	9728	2026-06-22T16:51:20.983Z
